{"cameraMode":{"drawMode":0,"name":"Shaded","section":"Shading Mode"},"sceneLighting":true,"audioPlay":false,"sceneViewState":{"showFog":true,"showMaterialUpdate":false,"showSkybox":true,"showFlares":true,"showImageEffects":true,"showParticleSystems":true},"in2DMode":false,"pivot":{"x":5.767123222351074,"y":5.900267124176025,"z":1.173666000366211},"rotation":{"x":-0.10808241367340088,"y":0.016996098682284356,"z":-0.0018481988226994873,"w":-0.993994951248169},"size":23.62761688232422,"orthographic":false}