{"cameraMode":{"drawMode":0,"name":"Shaded","section":"Shading Mode"},"sceneLighting":true,"audioPlay":false,"sceneViewState":{"showFog":true,"showMaterialUpdate":false,"showSkybox":true,"showFlares":true,"showImageEffects":true,"showParticleSystems":true},"in2DMode":false,"pivot":{"x":-3.736710548400879,"y":13.861577987670899,"z":-0.34830570220947268},"rotation":{"x":0.026635564863681794,"y":0.06203513219952583,"z":0.0016560007352381945,"w":-0.9977171421051025},"size":5.032163619995117,"orthographic":false}